filename,width,height,class,xmin,ymin,xmax,ymax
0027.jpg,225,225,tomato,207,1,225,25
0027.jpg,225,225,tomato,86,1,147,55
0027.jpg,225,225,tomato,96,55,152,113
0027.jpg,225,225,tomato,146,73,192,127
0027.jpg,225,225,tomato,171,112,222,166
0027.jpg,225,225,tomato,129,152,185,199
0027.jpg,225,225,tomato,129,183,169,217
0027.jpg,225,225,tomato,108,112,159,162
0027.jpg,225,225,tomato,75,109,110,146
0027.jpg,225,225,tomato,49,121,78,154
0027.jpg,225,225,tomato,79,150,115,184
0027.jpg,225,225,tomato,19,148,67,194
0027.jpg,225,225,tomato,53,180,103,224
0027.jpg,225,225,tomato,96,166,132,218
0027.jpg,225,225,tomato,37,190,58,216
0027.jpg,225,225,stems,134,56,151,77
0027.jpg,225,225,stems,157,67,169,97
0027.jpg,225,225,stems,115,1,146,10
0027.jpg,225,225,stems,158,102,183,129
0027.jpg,225,225,stems,137,90,153,115
0074.jpg,640,480,tomato,138,131,271,257
0074.jpg,640,480,tomato,195,201,341,327
0074.jpg,640,480,tomato,331,186,447,291
0074.jpg,640,480,stems,203,124,252,166
0074.jpg,640,480,stems,258,163,275,211
0074.jpg,640,480,stems,322,175,377,198
0082.jpg,259,194,tomato,10,31,118,138
0082.jpg,259,194,tomato,50,108,118,184
0082.jpg,259,194,tomato,98,67,206,173
0082.jpg,259,194,tomato,117,12,240,116
0082.jpg,259,194,stems,119,1,168,36
0082.jpg,259,194,stems,119,40,145,69
0082.jpg,259,194,stems,68,20,113,57
0082.jpg,259,194,stems,93,61,118,114
0044.jpg,838,471,tomato,24,103,153,212
0044.jpg,838,471,tomato,83,57,184,197
0044.jpg,838,471,tomato,34,202,191,311
0044.jpg,838,471,tomato,62,247,281,441
0044.jpg,838,471,tomato,181,194,281,260
0044.jpg,838,471,tomato,280,242,452,414
0044.jpg,838,471,tomato,419,169,531,302
0044.jpg,838,471,tomato,496,76,620,162
0044.jpg,838,471,tomato,480,292,587,367
0044.jpg,838,471,tomato,515,382,602,450
0044.jpg,838,471,stems,245,200,325,302
0044.jpg,838,471,stems,188,200,240,290
0085.jpg,259,194,tomato,80,119,150,181
0085.jpg,259,194,tomato,134,79,206,150
0085.jpg,259,194,tomato,64,59,136,120
0085.jpg,259,194,tomato,120,35,185,87
0085.jpg,259,194,tomato,1,40,66,108
0085.jpg,259,194,tomato,55,48,98,71
0085.jpg,259,194,tomato,1,22,43,56
0085.jpg,259,194,tomato,43,9,84,39
0085.jpg,259,194,stems,128,58,158,95
0085.jpg,259,194,stems,123,35,155,50
0085.jpg,259,194,stems,98,52,123,73
0085.jpg,259,194,stems,114,63,130,123
0085.jpg,259,194,stems,42,15,55,46
0085.jpg,259,194,stems,57,13,75,48
0085.jpg,259,194,stems,26,1,52,27
0100.jpg,720,720,tomato,131,115,343,331
0100.jpg,720,720,tomato,135,327,341,520
0100.jpg,720,720,tomato,197,474,398,664
0100.jpg,720,720,tomato,319,578,455,670
0100.jpg,720,720,tomato,372,393,564,595
0100.jpg,720,720,tomato,311,241,524,439
0100.jpg,720,720,tomato,337,35,555,245
0100.jpg,720,720,stems,354,116,448,155
0100.jpg,720,720,stems,360,249,419,332
0100.jpg,720,720,stems,360,392,412,451
0100.jpg,720,720,stems,322,426,359,493
0100.jpg,720,720,stems,274,318,337,403
0100.jpg,720,720,stems,281,174,347,228
0038.jpg,480,640,tomato,218,336,391,510
0038.jpg,480,640,tomato,106,363,268,530
0038.jpg,480,640,tomato,39,245,198,399
0038.jpg,480,640,tomato,198,262,328,364
0038.jpg,480,640,tomato,153,182,270,301
0038.jpg,480,640,tomato,149,45,277,190
0038.jpg,480,640,stems,262,99,304,129
0038.jpg,480,640,stems,245,129,305,210
0038.jpg,480,640,stems,167,335,245,365
0038.jpg,480,640,stems,311,319,332,375
0038.jpg,480,640,stems,262,317,316,340
0064.jpg,600,312,tomato,262,52,346,134
0064.jpg,600,312,tomato,275,135,356,218
0064.jpg,600,312,tomato,274,227,355,306
0064.jpg,600,312,tomato,188,209,279,290
0064.jpg,600,312,tomato,171,116,263,208
0064.jpg,600,312,tomato,144,143,211,234
0064.jpg,600,312,stems,256,33,308,71
0064.jpg,600,312,stems,231,81,258,136
0064.jpg,600,312,stems,271,99,316,158
0064.jpg,600,312,stems,276,162,316,235
0064.jpg,600,312,stems,242,154,267,217
0064.jpg,600,312,stems,151,122,176,183
0079.jpg,266,189,tomato,26,17,108,88
0079.jpg,266,189,tomato,111,39,195,109
0079.jpg,266,189,tomato,115,105,197,178
0079.jpg,266,189,tomato,47,83,126,156
0079.jpg,266,189,stems,122,45,155,61
0079.jpg,266,189,stems,119,68,145,112
0079.jpg,266,189,stems,94,67,116,95
0079.jpg,266,189,stems,60,12,101,26
0026.jpg,225,225,tomato,108,1,147,33
0026.jpg,225,225,tomato,95,1,123,14
0026.jpg,225,225,tomato,93,14,121,41
0026.jpg,225,225,tomato,130,28,175,65
0026.jpg,225,225,tomato,80,45,130,90
0026.jpg,225,225,tomato,128,66,172,106
0026.jpg,225,225,tomato,131,104,173,148
0026.jpg,225,225,tomato,94,86,135,122
0026.jpg,225,225,tomato,91,119,136,161
0026.jpg,225,225,tomato,98,142,141,170
0026.jpg,225,225,tomato,54,138,100,178
0026.jpg,225,225,tomato,77,168,123,208
0026.jpg,225,225,tomato,38,175,83,219
0026.jpg,225,225,tomato,74,205,110,225
0026.jpg,225,225,stems,131,58,150,76
0026.jpg,225,225,stems,134,100,145,114
0026.jpg,225,225,stems,111,45,126,60
0081.jpg,259,194,tomato,22,100,92,168
0081.jpg,259,194,tomato,62,29,148,108
0081.jpg,259,194,tomato,142,64,216,138
0081.jpg,259,194,tomato,91,106,170,177
0081.jpg,259,194,stems,155,52,183,77
0081.jpg,259,194,stems,109,24,138,43
0081.jpg,259,194,stems,61,105,89,121
0084.jpg,286,176,tomato,23,39,68,83
0084.jpg,286,176,tomato,70,26,116,73
0084.jpg,286,176,tomato,110,46,156,84
0084.jpg,286,176,tomato,115,65,160,114
0084.jpg,286,176,tomato,157,85,202,133
0084.jpg,286,176,tomato,159,123,212,167
0084.jpg,286,176,tomato,196,90,230,131
0084.jpg,286,176,tomato,155,56,198,92
0084.jpg,286,176,stems,151,41,175,59
0084.jpg,286,176,stems,138,42,146,69
0084.jpg,286,176,stems,175,65,186,88
0094.jpg,360,360,tomato,109,180,250,323
0094.jpg,360,360,tomato,209,104,340,220
0094.jpg,360,360,tomato,116,78,229,189
0094.jpg,360,360,tomato,29,148,145,265
0094.jpg,360,360,stems,175,141,194,223
0094.jpg,360,360,stems,102,136,175,193
0094.jpg,360,360,stems,158,89,200,111
0094.jpg,360,360,stems,233,96,273,130
0033.jpg,395,487,tomato,1,100,75,179
0033.jpg,395,487,tomato,21,166,107,243
0033.jpg,395,487,tomato,54,252,130,329
0033.jpg,395,487,tomato,105,343,177,412
0033.jpg,395,487,tomato,140,407,199,469
0033.jpg,395,487,tomato,199,423,258,483
0033.jpg,395,487,tomato,218,354,284,419
0033.jpg,395,487,tomato,174,282,252,358
0033.jpg,395,487,tomato,133,153,219,239
0033.jpg,395,487,tomato,95,61,182,142
0033.jpg,395,487,tomato,164,37,236,116
0033.jpg,395,487,tomato,300,72,375,149
0033.jpg,395,487,tomato,304,172,376,248
0033.jpg,395,487,tomato,308,261,380,335
0033.jpg,395,487,tomato,313,345,375,410
0033.jpg,395,487,tomato,276,470,328,487
0033.jpg,395,487,tomato,298,414,357,470
0033.jpg,395,487,tomato,44,334,99,389
0033.jpg,395,487,tomato,19,396,66,449
0033.jpg,395,487,tomato,21,461,69,487
0033.jpg,395,487,stems,101,143,172,169
0033.jpg,395,487,stems,63,199,105,266
0033.jpg,395,487,stems,28,106,72,185
0033.jpg,395,487,stems,1,43,50,125
0033.jpg,395,487,stems,135,251,207,306
0033.jpg,395,487,stems,118,289,135,368
0033.jpg,395,487,stems,169,321,244,380
0033.jpg,395,487,stems,151,343,173,417
0033.jpg,395,487,stems,277,53,342,90
0033.jpg,395,487,stems,270,145,326,199
0033.jpg,395,487,stems,286,237,336,288
0033.jpg,395,487,stems,289,311,336,372
0033.jpg,395,487,stems,285,357,318,439
0033.jpg,395,487,stems,277,419,300,478
0099.jpg,1000,693,tomato,407,202,706,476
0099.jpg,1000,693,tomato,376,396,613,616
0099.jpg,1000,693,tomato,610,325,851,570
0099.jpg,1000,693,tomato,614,70,875,328
0099.jpg,1000,693,tomato,493,1,752,202
0099.jpg,1000,693,stems,623,66,680,135
0099.jpg,1000,693,stems,591,179,618,208
0032.jpg,275,206,tomato,42,14,155,122
0032.jpg,275,206,tomato,123,89,219,190
0032.jpg,275,206,tomato,213,108,252,170
0032.jpg,275,206,stems,182,81,195,109
0087.jpg,600,449,tomato,278,178,352,255
0087.jpg,600,449,tomato,324,228,424,303
0087.jpg,600,449,tomato,374,152,463,235
0087.jpg,600,449,tomato,313,135,381,202
0087.jpg,600,449,stems,334,176,369,204
0087.jpg,600,449,stems,374,145,411,170
0087.jpg,600,449,stems,366,195,381,238
0087.jpg,600,449,stems,350,137,369,153
0045.jpg,720,960,tomato,300,29,488,223
0045.jpg,720,960,tomato,206,125,365,283
0045.jpg,720,960,tomato,365,220,532,388
0045.jpg,720,960,tomato,229,310,387,466
0045.jpg,720,960,tomato,391,402,541,553
0045.jpg,720,960,tomato,232,467,374,607
0045.jpg,720,960,tomato,380,601,524,754
0045.jpg,720,960,tomato,244,604,377,728
0045.jpg,720,960,tomato,228,730,376,874
0045.jpg,720,960,tomato,340,829,450,934
0045.jpg,720,960,tomato,427,772,545,880
0045.jpg,720,960,stems,325,716,368,745
0045.jpg,720,960,stems,369,781,396,836
0045.jpg,720,960,stems,399,766,476,791
0045.jpg,720,960,stems,388,544,456,604
0045.jpg,720,960,stems,329,580,361,610
0045.jpg,720,960,stems,348,472,375,501
0045.jpg,720,960,stems,400,383,453,405
0045.jpg,720,960,stems,342,291,366,327
0045.jpg,720,960,stems,379,221,415,237
0065.jpg,480,320,tomato,37,183,280,320
0065.jpg,480,320,tomato,183,35,410,214
0065.jpg,480,320,stems,183,1,281,50
0065.jpg,480,320,stems,152,93,177,185
0035.jpg,400,266,tomato,193,161,269,242
0035.jpg,400,266,tomato,256,152,333,226
0035.jpg,400,266,tomato,120,83,226,192
0035.jpg,400,266,tomato,225,109,307,162
0035.jpg,400,266,stems,172,58,212,93
0035.jpg,400,266,stems,233,135,249,171
0035.jpg,400,266,stems,243,121,299,156
0035.jpg,400,266,stems,222,90,276,134
0030.jpg,640,480,tomato,104,111,363,370
0030.jpg,640,480,tomato,327,166,549,393
0030.jpg,640,480,tomato,259,88,436,221
0030.jpg,640,480,stems,317,91,368,152
0030.jpg,640,480,stems,328,156,380,212
0067.jpg,1024,768,tomato,86,111,427,442
0067.jpg,1024,768,tomato,397,320,670,580
0067.jpg,1024,768,tomato,746,301,1024,559
0067.jpg,1024,768,tomato,536,182,772,402
0067.jpg,1024,768,tomato,583,415,782,645
0067.jpg,1024,768,tomato,801,476,1008,628
0067.jpg,1024,768,stems,369,56,450,209
0067.jpg,1024,768,stems,644,182,721,408
0067.jpg,1024,768,stems,933,249,1005,336
0069.jpg,225,225,tomato,6,10,129,115
0069.jpg,225,225,tomato,132,23,212,98
0069.jpg,225,225,tomato,75,84,148,152
0069.jpg,225,225,tomato,109,150,180,215
0069.jpg,225,225,tomato,141,110,197,164
0069.jpg,225,225,tomato,1,128,65,193
0069.jpg,225,225,tomato,60,155,88,185
0069.jpg,225,225,tomato,43,187,74,216
0069.jpg,225,225,stems,131,26,171,58
0069.jpg,225,225,stems,106,75,132,104
0069.jpg,225,225,stems,152,106,174,136
0069.jpg,225,225,stems,136,112,152,155
0069.jpg,225,225,stems,28,111,43,148
0051.jpg,720,720,tomato,301,1,402,45
0051.jpg,720,720,tomato,411,1,497,12
0051.jpg,720,720,tomato,457,7,490,92
0051.jpg,720,720,tomato,302,41,395,134
0051.jpg,720,720,tomato,344,3,467,110
0051.jpg,720,720,tomato,419,94,560,212
0051.jpg,720,720,tomato,256,142,412,289
0051.jpg,720,720,tomato,420,215,553,340
0051.jpg,720,720,tomato,305,274,433,388
0051.jpg,720,720,tomato,418,336,561,472
0051.jpg,720,720,tomato,292,381,434,515
0051.jpg,720,720,tomato,316,456,449,546
0051.jpg,720,720,tomato,173,452,310,570
0051.jpg,720,720,tomato,124,568,266,698
0051.jpg,720,720,tomato,248,533,388,665
0051.jpg,720,720,tomato,234,653,356,720
0051.jpg,720,720,stems,356,147,407,185
0051.jpg,720,720,stems,422,190,481,241
0051.jpg,720,720,stems,391,249,414,294
0051.jpg,720,720,stems,432,322,467,371
0051.jpg,720,720,stems,384,381,417,413
0051.jpg,720,720,stems,463,44,500,118
0036.jpg,480,360,tomato,159,185,339,345
0036.jpg,480,360,tomato,247,33,428,214
0036.jpg,480,360,tomato,55,167,177,322
0036.jpg,480,360,tomato,139,58,249,186
0036.jpg,480,360,stems,164,141,214,210
0036.jpg,480,360,stems,216,143,246,188
0036.jpg,480,360,stems,183,96,224,130
0036.jpg,480,360,stems,252,72,304,109
0056.jpg,400,266,tomato,80,70,201,192
0056.jpg,400,266,tomato,180,139,302,246
0056.jpg,400,266,tomato,168,13,303,145
0056.jpg,400,266,stems,167,67,207,106
0056.jpg,400,266,stems,214,96,240,149
0056.jpg,400,266,stems,213,28,250,58
0097.jpg,450,299,tomato,159,95,298,222
0097.jpg,450,299,tomato,142,78,236,127
0097.jpg,450,299,tomato,273,1,397,96
0097.jpg,450,299,tomato,386,28,450,107
0097.jpg,450,299,stems,416,1,435,44
0068.jpg,1280,960,tomato,210,7,398,162
0068.jpg,1280,960,tomato,283,92,509,294
0068.jpg,1280,960,tomato,431,218,635,409
0068.jpg,1280,960,tomato,540,405,759,614
0068.jpg,1280,960,tomato,731,545,878,675
0068.jpg,1280,960,tomato,823,651,960,769
0068.jpg,1280,960,tomato,619,687,756,814
0068.jpg,1280,960,tomato,822,453,1002,600
0068.jpg,1280,960,tomato,742,326,929,499
0068.jpg,1280,960,tomato,638,183,848,358
0068.jpg,1280,960,tomato,529,102,743,278
0068.jpg,1280,960,tomato,1065,160,1190,275
0068.jpg,1280,960,tomato,1181,238,1280,337
0068.jpg,1280,960,tomato,1215,346,1280,424
0068.jpg,1280,960,tomato,1246,451,1280,506
0068.jpg,1280,960,tomato,983,121,1094,228
0068.jpg,1280,960,stems,571,127,741,201
0068.jpg,1280,960,stems,677,252,829,347
0068.jpg,1280,960,stems,740,374,918,464
0068.jpg,1280,960,stems,754,457,816,549
0068.jpg,1280,960,stems,873,601,902,658
0068.jpg,1280,960,stems,683,583,733,690
0068.jpg,1280,960,stems,565,176,598,234
0068.jpg,1280,960,stems,425,69,501,119
0068.jpg,1280,960,stems,653,348,704,430
0034.jpg,640,425,tomato,240,313,312,391
0034.jpg,640,425,tomato,189,303,257,374
0034.jpg,640,425,tomato,274,255,355,339
0034.jpg,640,425,tomato,214,233,287,308
0034.jpg,640,425,tomato,317,193,400,279
0034.jpg,640,425,tomato,241,170,318,247
0034.jpg,640,425,tomato,349,124,432,207
0034.jpg,640,425,tomato,292,116,372,189
0034.jpg,640,425,tomato,286,42,367,115
0034.jpg,640,425,tomato,395,59,485,150
0034.jpg,640,425,stems,304,60,349,77
0034.jpg,640,425,stems,303,105,339,138
0034.jpg,640,425,stems,345,113,374,159
0034.jpg,640,425,stems,312,176,336,224
0034.jpg,640,425,stems,254,193,289,213
0034.jpg,640,425,stems,223,244,249,264
0034.jpg,640,425,stems,265,244,292,289
0034.jpg,640,425,stems,242,287,269,333
0034.jpg,640,425,stems,212,289,234,317
0049.jpg,736,776,tomato,213,497,370,657
0049.jpg,736,776,tomato,160,654,331,776
0049.jpg,736,776,tomato,307,611,379,733
0049.jpg,736,776,tomato,149,481,265,630
0049.jpg,736,776,tomato,111,232,296,404
0049.jpg,736,776,tomato,326,634,475,776
0049.jpg,736,776,tomato,406,510,515,634
0049.jpg,736,776,tomato,473,634,535,745
0049.jpg,736,776,tomato,440,751,536,776
0049.jpg,736,776,tomato,484,707,610,776
0049.jpg,736,776,tomato,298,351,465,522
0049.jpg,736,776,tomato,310,147,517,368
0049.jpg,736,776,tomato,130,22,341,238
0049.jpg,736,776,tomato,267,1,523,152
0049.jpg,736,776,stems,187,166,277,248
0049.jpg,736,776,stems,287,411,329,518
0049.jpg,736,776,stems,301,263,384,373
0049.jpg,736,776,stems,177,1,214,59
0049.jpg,736,776,stems,203,498,258,535
0049.jpg,736,776,stems,430,638,473,680
0037.jpg,360,270,tomato,11,28,140,144
0037.jpg,360,270,tomato,111,103,232,220
0037.jpg,360,270,tomato,197,177,316,270
0037.jpg,360,270,tomato,229,136,342,226
0037.jpg,360,270,tomato,182,90,260,168
0037.jpg,360,270,tomato,148,1,234,91
0037.jpg,360,270,stems,161,58,184,113
0037.jpg,360,270,stems,147,18,185,38
0037.jpg,360,270,stems,85,14,117,41
0037.jpg,360,270,stems,231,137,258,185
0037.jpg,360,270,stems,243,148,281,161
0076.jpg,270,203,tomato,70,19,93,42
0076.jpg,270,203,tomato,58,67,82,89
0076.jpg,270,203,tomato,120,81,168,129
0076.jpg,270,203,tomato,94,114,122,143
0076.jpg,270,203,tomato,88,144,111,166
0076.jpg,270,203,tomato,75,168,99,191
0076.jpg,270,203,tomato,46,116,73,140
0076.jpg,270,203,tomato,44,140,68,161
0076.jpg,270,203,tomato,30,162,55,188
0076.jpg,270,203,tomato,27,188,51,199
0076.jpg,270,203,tomato,70,183,88,201
0021.jpg,183,275,tomato,1,247,26,275
0021.jpg,183,275,tomato,1,218,31,254
0021.jpg,183,275,tomato,1,160,17,198
0021.jpg,183,275,tomato,17,184,66,229
0021.jpg,183,275,tomato,29,210,67,239
0021.jpg,183,275,tomato,37,239,81,273
0021.jpg,183,275,tomato,81,243,120,273
0021.jpg,183,275,tomato,67,211,104,244
0021.jpg,183,275,tomato,123,237,160,274
0021.jpg,183,275,tomato,169,198,183,235
0021.jpg,183,275,tomato,119,159,170,208
0021.jpg,183,275,tomato,116,207,160,237
0021.jpg,183,275,tomato,30,133,82,185
0021.jpg,183,275,tomato,69,162,118,208
0021.jpg,183,275,tomato,97,101,152,150
0021.jpg,183,275,tomato,109,137,157,160
0021.jpg,183,275,tomato,1,100,39,154
0021.jpg,183,275,tomato,42,75,97,129
0021.jpg,183,275,tomato,170,46,183,86
0021.jpg,183,275,tomato,95,15,151,69
0021.jpg,183,275,tomato,19,41,71,92
0021.jpg,183,275,stems,38,28,63,61
0021.jpg,183,275,stems,33,41,66,83
0021.jpg,183,275,stems,86,1,113,25
0021.jpg,183,275,stems,23,158,35,192
0021.jpg,183,275,stems,11,189,19,225
0021.jpg,183,275,stems,81,217,102,247
0021.jpg,183,275,stems,117,229,136,247
0021.jpg,183,275,stems,61,209,76,243
0021.jpg,183,275,stems,1,128,22,154
0021.jpg,183,275,stems,1,172,17,190
0021.jpg,183,275,stems,2,79,27,115
0089.jpg,1340,756,tomato,406,341,800,715
0089.jpg,1340,756,tomato,682,206,1023,526
0089.jpg,1340,756,tomato,219,136,544,474
0089.jpg,1340,756,tomato,492,156,756,360
0089.jpg,1340,756,stems,794,160,904,277
0089.jpg,1340,756,stems,650,282,695,380
0089.jpg,1340,756,stems,487,274,650,347
0075.jpg,480,241,tomato,54,85,123,161
0075.jpg,480,241,tomato,159,13,280,138
0075.jpg,480,241,tomato,103,98,191,200
0075.jpg,480,241,tomato,147,122,253,236
0075.jpg,480,241,tomato,234,140,347,241
0075.jpg,480,241,tomato,320,109,418,215
0075.jpg,480,241,tomato,236,93,335,157
0075.jpg,480,241,tomato,383,108,442,166
0075.jpg,480,241,stems,115,79,139,105
0075.jpg,480,241,stems,278,89,293,121
0075.jpg,480,241,stems,265,117,277,147
0025.jpg,194,259,tomato,4,27,112,132
0025.jpg,194,259,tomato,94,89,177,168
0025.jpg,194,259,tomato,18,137,104,226
0025.jpg,194,259,tomato,92,174,162,247
0025.jpg,194,259,tomato,27,240,93,259
0025.jpg,194,259,stems,111,62,159,118
0025.jpg,194,259,stems,118,153,149,208
0025.jpg,194,259,stems,68,105,104,172
0025.jpg,194,259,stems,60,1,72,50
0092.jpg,240,320,tomato,7,126,86,196
0092.jpg,240,320,tomato,25,194,87,254
0092.jpg,240,320,tomato,82,164,138,223
0092.jpg,240,320,tomato,159,95,219,156
0092.jpg,240,320,tomato,151,131,202,181
0092.jpg,240,320,tomato,106,115,146,169
0092.jpg,240,320,tomato,186,70,232,115
0092.jpg,240,320,tomato,153,19,203,64
0092.jpg,240,320,stems,48,114,100,139
0092.jpg,240,320,stems,102,138,122,176
0092.jpg,240,320,stems,67,143,99,202
0092.jpg,240,320,stems,111,99,134,121
0092.jpg,240,320,stems,190,44,209,103
0061.jpg,640,640,tomato,63,402,260,587
0061.jpg,640,640,tomato,204,515,417,640
0061.jpg,640,640,tomato,270,347,546,610
0061.jpg,640,640,tomato,273,74,559,352
0061.jpg,640,640,tomato,105,53,322,264
0061.jpg,640,640,tomato,176,247,371,414
0061.jpg,640,640,stems,230,42,342,148
0061.jpg,640,640,stems,140,1,183,102
0061.jpg,640,640,stems,199,134,235,279
0061.jpg,640,640,stems,185,306,269,419
0061.jpg,640,640,stems,296,305,367,395
0023.jpg,225,225,tomato,70,159,103,192
0023.jpg,225,225,tomato,90,125,137,173
0023.jpg,225,225,tomato,44,116,89,163
0023.jpg,225,225,tomato,38,62,80,106
0023.jpg,225,225,tomato,70,75,112,118
0023.jpg,225,225,tomato,112,71,149,115
0023.jpg,225,225,tomato,140,67,191,118
0023.jpg,225,225,stems,130,48,154,82
0023.jpg,225,225,stems,63,121,81,133
0023.jpg,225,225,stems,91,133,113,142
0023.jpg,225,225,stems,60,54,79,75
0059.jpg,400,300,tomato,87,93,122,130
0059.jpg,400,300,tomato,85,133,119,163
0059.jpg,400,300,tomato,133,121,165,154
0059.jpg,400,300,tomato,86,173,119,204
0059.jpg,400,300,tomato,136,155,166,184
0059.jpg,400,300,tomato,143,187,172,217
0059.jpg,400,300,tomato,92,209,123,241
0059.jpg,400,300,tomato,109,236,137,262
0059.jpg,400,300,tomato,135,220,165,249
0059.jpg,400,300,tomato,137,247,164,267
0059.jpg,400,300,tomato,116,260,144,274
0059.jpg,400,300,tomato,164,51,203,93
0059.jpg,400,300,tomato,152,85,186,121
0059.jpg,400,300,tomato,175,102,214,141
0059.jpg,400,300,tomato,215,92,250,123
0059.jpg,400,300,tomato,236,122,268,156
0059.jpg,400,300,tomato,198,141,233,175
0059.jpg,400,300,tomato,253,163,281,189
0059.jpg,400,300,tomato,218,180,255,217
0059.jpg,400,300,tomato,254,186,286,217
0059.jpg,400,300,tomato,234,212,261,242
0059.jpg,400,300,tomato,250,218,272,247
0059.jpg,400,300,tomato,216,215,238,245
0059.jpg,400,300,stems,220,118,233,146
0059.jpg,400,300,stems,234,109,259,130
0059.jpg,400,300,stems,245,144,269,164
0059.jpg,400,300,stems,243,168,251,185
0059.jpg,400,300,stems,194,48,214,65
0059.jpg,400,300,stems,201,83,221,109
0059.jpg,400,300,stems,110,74,138,100
0059.jpg,400,300,stems,103,109,132,135
0059.jpg,400,300,stems,142,91,154,115
0059.jpg,400,300,stems,132,138,148,160
0059.jpg,400,300,stems,105,146,124,173
0059.jpg,400,300,stems,255,168,271,193
0059.jpg,400,300,stems,222,76,241,96
0098.jpg,640,395,tomato,53,87,149,184
0098.jpg,640,395,tomato,159,60,259,166
0098.jpg,640,395,tomato,245,106,349,187
0098.jpg,640,395,tomato,253,146,360,258
0098.jpg,640,395,tomato,352,191,452,301
0098.jpg,640,395,tomato,359,276,455,374
0098.jpg,640,395,tomato,433,209,512,292
0098.jpg,640,395,tomato,437,269,470,357
0098.jpg,640,395,tomato,350,131,441,208
0098.jpg,640,395,stems,86,46,115,97
0098.jpg,640,395,stems,194,15,234,41
0098.jpg,640,395,stems,306,81,330,155
0098.jpg,640,395,stems,342,92,391,129
0098.jpg,640,395,stems,381,134,412,192
0098.jpg,640,395,stems,437,205,464,231
0098.jpg,640,395,stems,280,54,305,108
0072.jpg,1371,2048,tomato,335,657,793,1126
0072.jpg,1371,2048,tomato,201,1093,585,1482
0072.jpg,1371,2048,tomato,570,1147,955,1538
0072.jpg,1371,2048,tomato,468,1061,830,1222
0072.jpg,1371,2048,tomato,747,765,966,1109
0072.jpg,1371,2048,stems,691,1055,774,1165
0072.jpg,1371,2048,stems,480,1120,543,1174
0055.jpg,1200,901,tomato,476,542,753,815
0055.jpg,1200,901,tomato,464,452,656,625
0055.jpg,1200,901,tomato,692,453,949,719
0055.jpg,1200,901,tomato,863,278,1191,596
0055.jpg,1200,901,tomato,641,1,875,242
0055.jpg,1200,901,tomato,470,1,744,85
0055.jpg,1200,901,tomato,432,19,652,215
0055.jpg,1200,901,stems,824,400,868,511
0055.jpg,1200,901,stems,670,505,717,577
0055.jpg,1200,901,stems,881,325,959,387
0091.jpg,400,300,tomato,90,116,208,209
0091.jpg,400,300,tomato,213,120,291,189
0091.jpg,400,300,tomato,255,58,347,141
0091.jpg,400,300,stems,115,84,163,123
0091.jpg,400,300,stems,248,52,299,86
0070.jpg,225,225,tomato,1,102,135,225
0070.jpg,225,225,tomato,124,99,224,209
0070.jpg,225,225,tomato,36,11,156,120
0070.jpg,225,225,stems,89,97,119,130
0070.jpg,225,225,stems,123,102,151,128
0070.jpg,225,225,stems,116,63,131,80
0029.jpg,225,225,tomato,192,134,210,150
0029.jpg,225,225,tomato,110,169,128,188
0029.jpg,225,225,tomato,56,168,114,223
0029.jpg,225,225,tomato,94,150,145,202
0029.jpg,225,225,tomato,9,35,69,92
0029.jpg,225,225,tomato,13,88,74,146
0029.jpg,225,225,tomato,39,132,94,185
0029.jpg,225,225,tomato,93,106,144,153
0029.jpg,225,225,tomato,139,110,183,157
0029.jpg,225,225,tomato,175,104,213,143
0029.jpg,225,225,tomato,70,64,123,113
0029.jpg,225,225,tomato,64,17,111,65
0029.jpg,225,225,tomato,123,69,163,117
0029.jpg,225,225,tomato,164,71,191,111
0029.jpg,225,225,stems,61,113,83,146
0029.jpg,225,225,stems,55,73,78,107
0029.jpg,225,225,stems,51,34,76,59
0029.jpg,225,225,stems,83,59,105,86
0029.jpg,225,225,stems,82,136,92,168
0029.jpg,225,225,stems,150,58,160,85
0029.jpg,225,225,stems,167,92,190,111
0029.jpg,225,225,stems,156,93,168,115
0073.jpg,2592,1944,tomato,631,1516,924,1807
0073.jpg,2592,1944,tomato,640,1187,960,1507
0073.jpg,2592,1944,tomato,1046,1442,1360,1754
0073.jpg,2592,1944,tomato,844,1631,1169,1942
0073.jpg,2592,1944,tomato,1069,1238,1315,1469
0073.jpg,2592,1944,tomato,809,1058,1089,1394
0073.jpg,2592,1944,tomato,1153,1018,1420,1291
0073.jpg,2592,1944,tomato,953,840,1213,1107
0073.jpg,2592,1944,tomato,1244,774,1522,1060
0073.jpg,2592,1944,tomato,1280,516,1551,771
0073.jpg,2592,1944,tomato,1366,1,1751,329
0073.jpg,2592,1944,tomato,1506,289,1842,634
0073.jpg,2592,1944,tomato,1562,582,1897,874
0073.jpg,2592,1944,tomato,1726,734,2009,1047
0073.jpg,2592,1944,tomato,1920,1176,2151,1405
0073.jpg,2592,1944,tomato,2075,1394,2242,1569
0073.jpg,2592,1944,tomato,2100,982,2342,1211
0073.jpg,2592,1944,tomato,2171,687,2433,945
0073.jpg,2592,1944,tomato,1964,522,2233,794
0073.jpg,2592,1944,tomato,1895,267,2135,545
0073.jpg,2592,1944,tomato,1706,9,2000,340
0073.jpg,2592,1944,stems,1317,502,1440,614
0073.jpg,2592,1944,stems,1242,729,1373,865
0073.jpg,2592,1944,stems,1029,805,1182,949
0073.jpg,2592,1944,stems,1193,909,1346,1067
0073.jpg,2592,1944,stems,993,991,1135,1149
0073.jpg,2592,1944,stems,1155,1140,1229,1302
0073.jpg,2592,1944,stems,1097,1280,1209,1462
0073.jpg,2592,1944,stems,1015,1438,1064,1671
0073.jpg,2592,1944,stems,926,1191,1091,1269
0073.jpg,2592,1944,stems,895,1427,1017,1607
0073.jpg,2592,1944,stems,2089,1031,2184,1245
0073.jpg,2592,1944,stems,2175,1140,2251,1425
0073.jpg,2592,1944,stems,2169,889,2331,1045
0073.jpg,2592,1944,stems,2035,649,2300,778
0073.jpg,2592,1944,stems,1817,367,1911,609
0073.jpg,2592,1944,stems,1940,394,2084,574
0073.jpg,2592,1944,stems,1764,56,1884,351
0073.jpg,2592,1944,stems,1929,162,2055,347
0062.jpg,640,480,tomato,64,248,235,410
0062.jpg,640,480,tomato,230,314,390,470
0062.jpg,640,480,tomato,335,243,507,425
0062.jpg,640,480,tomato,249,123,400,279
0062.jpg,640,480,stems,300,212,340,319
0062.jpg,640,480,stems,152,167,314,251
0062.jpg,640,480,stems,330,195,406,259
0062.jpg,640,480,stems,297,114,363,184
0054.jpg,650,487,tomato,438,195,580,334
0054.jpg,650,487,tomato,340,255,452,365
0054.jpg,650,487,tomato,312,364,424,482
0054.jpg,650,487,tomato,215,224,329,342
0054.jpg,650,487,tomato,183,320,277,401
0054.jpg,650,487,stems,461,139,532,231
0054.jpg,650,487,stems,386,197,436,284
0054.jpg,650,487,stems,190,255,208,333
0054.jpg,650,487,stems,362,309,420,388
0054.jpg,650,487,stems,432,352,500,469
0047.jpg,405,405,tomato,95,319,193,405
0047.jpg,405,405,tomato,177,305,264,389
0047.jpg,405,405,tomato,263,326,336,405
0047.jpg,405,405,tomato,321,349,374,404
0047.jpg,405,405,tomato,242,267,318,334
0047.jpg,405,405,tomato,304,225,404,313
0047.jpg,405,405,tomato,105,244,192,320
0047.jpg,405,405,tomato,197,194,297,287
0047.jpg,405,405,tomato,241,125,324,212
0047.jpg,405,405,tomato,73,155,168,259
0047.jpg,405,405,tomato,147,143,223,222
0047.jpg,405,405,tomato,132,67,212,164
0047.jpg,405,405,tomato,223,11,317,110
0047.jpg,405,405,tomato,37,1,136,105
0047.jpg,405,405,stems,172,28,214,98
0047.jpg,405,405,stems,105,117,122,190
0047.jpg,405,405,stems,122,262,155,329
0047.jpg,405,405,stems,300,79,330,140
0047.jpg,405,405,stems,354,175,382,243
0047.jpg,405,405,stems,229,143,248,222
0047.jpg,405,405,stems,289,276,306,331
0047.jpg,405,405,stems,307,314,345,355
0047.jpg,405,405,stems,60,1,81,28
0041.jpg,900,950,tomato,103,313,257,458
0041.jpg,900,950,tomato,105,548,265,707
0041.jpg,900,950,tomato,187,791,335,940
0041.jpg,900,950,tomato,336,788,476,921
0041.jpg,900,950,tomato,319,647,475,805
0041.jpg,900,950,tomato,273,466,459,650
0041.jpg,900,950,tomato,485,487,603,607
0041.jpg,900,950,tomato,600,440,805,652
0041.jpg,900,950,tomato,435,375,616,542
0041.jpg,900,950,tomato,261,167,389,293
0041.jpg,900,950,tomato,374,176,586,382
0041.jpg,900,950,tomato,612,188,817,400
0041.jpg,900,950,tomato,313,1,442,99
0041.jpg,900,950,tomato,541,6,744,206
0041.jpg,900,950,tomato,451,746,510,848
0041.jpg,900,950,tomato,484,609,522,679
0041.jpg,900,950,stems,138,243,262,324
0041.jpg,900,950,stems,250,126,293,179
0041.jpg,900,950,stems,490,238,570,391
0041.jpg,900,950,stems,445,42,502,213
0041.jpg,900,950,stems,554,167,656,261
0041.jpg,900,950,stems,510,1,573,40
0041.jpg,900,950,stems,567,347,610,502
0041.jpg,900,950,stems,603,314,686,467
0041.jpg,900,950,stems,280,428,342,495
0041.jpg,900,950,stems,189,436,273,566
0041.jpg,900,950,stems,318,647,362,680
0041.jpg,900,950,stems,214,782,313,838
0041.jpg,900,950,stems,346,789,388,835
0053.jpg,500,500,tomato,18,58,171,209
0053.jpg,500,500,tomato,120,159,269,295
0053.jpg,500,500,tomato,240,204,384,337
0053.jpg,500,500,tomato,344,301,487,419
0053.jpg,500,500,tomato,272,88,404,212
0053.jpg,500,500,tomato,369,170,488,295
0053.jpg,500,500,tomato,325,365,439,470
0053.jpg,500,500,tomato,304,322,348,408
0053.jpg,500,500,tomato,446,298,500,409
0053.jpg,500,500,stems,116,58,174,124
0053.jpg,500,500,stems,195,114,229,167
0053.jpg,500,500,stems,314,153,343,213
0053.jpg,500,500,stems,289,76,356,108
0053.jpg,500,500,stems,378,193,422,306
0053.jpg,500,500,stems,390,176,449,206
0057.jpg,1280,960,tomato,125,523,202,599
0057.jpg,1280,960,tomato,237,424,354,545
0057.jpg,1280,960,tomato,368,281,538,449
0057.jpg,1280,960,tomato,334,591,448,702
0057.jpg,1280,960,tomato,455,498,618,647
0057.jpg,1280,960,tomato,623,426,829,618
0057.jpg,1280,960,tomato,796,414,944,593
0057.jpg,1280,960,tomato,902,280,1104,484
0057.jpg,1280,960,tomato,904,601,1055,769
0057.jpg,1280,960,stems,497,410,539,498
0057.jpg,1280,960,stems,345,433,393,603
0057.jpg,1280,960,stems,294,347,366,430
0057.jpg,1280,960,stems,698,281,746,428
0057.jpg,1280,960,stems,819,305,869,422
0057.jpg,1280,960,stems,922,560,973,625
0057.jpg,1280,960,stems,933,231,983,299
0052.jpg,648,432,tomato,42,147,235,311
0052.jpg,648,432,tomato,217,188,378,356
0052.jpg,648,432,tomato,415,123,576,281
0052.jpg,648,432,tomato,377,1,530,138
0052.jpg,648,432,tomato,236,1,354,113
0052.jpg,648,432,stems,94,107,154,159
0052.jpg,648,432,stems,221,162,284,228
0052.jpg,648,432,stems,281,1,317,122
0052.jpg,648,432,stems,487,113,514,150
0090.jpg,275,206,tomato,33,66,139,157
0090.jpg,275,206,tomato,118,115,193,188
0090.jpg,275,206,tomato,107,34,162,80
0090.jpg,275,206,stems,150,85,170,131
0090.jpg,275,206,stems,90,40,114,82
0090.jpg,275,206,stems,99,14,142,35
0078.jpg,275,183,tomato,29,55,96,131
0078.jpg,275,183,tomato,70,92,174,176
0078.jpg,275,183,tomato,94,38,148,92
0078.jpg,275,183,tomato,136,22,232,100
0078.jpg,275,183,stems,112,39,136,61
0078.jpg,275,183,stems,121,66,135,96
0046.jpg,800,600,tomato,191,76,455,327
0046.jpg,800,600,tomato,430,185,660,423
0046.jpg,800,600,tomato,282,327,520,531
0046.jpg,800,600,tomato,78,299,284,510
0046.jpg,800,600,stems,338,64,414,121
0046.jpg,800,600,stems,475,147,556,220
0046.jpg,800,600,stems,194,320,261,355
0093.jpg,480,360,tomato,158,184,339,343
0093.jpg,480,360,tomato,54,166,187,322
0093.jpg,480,360,tomato,247,33,431,211
0093.jpg,480,360,tomato,138,56,261,203
0093.jpg,480,360,stems,252,71,304,112
0093.jpg,480,360,stems,216,141,243,188
0093.jpg,480,360,stems,163,149,215,209
0093.jpg,480,360,stems,184,94,227,132
0096.jpg,400,267,tomato,78,58,154,135
0096.jpg,400,267,tomato,68,95,125,157
0096.jpg,400,267,tomato,111,128,193,213
0096.jpg,400,267,tomato,153,204,229,267
0096.jpg,400,267,tomato,184,103,273,186
0096.jpg,400,267,tomato,260,58,345,145
0096.jpg,400,267,tomato,283,129,362,208
0096.jpg,400,267,stems,277,113,331,134
0096.jpg,400,267,stems,253,53,306,78
0096.jpg,400,267,stems,210,88,250,131
0096.jpg,400,267,stems,235,146,277,196
0096.jpg,400,267,stems,157,104,184,137
0096.jpg,400,267,stems,138,39,163,74
0096.jpg,400,267,stems,187,182,208,216
0048.jpg,600,600,tomato,144,271,332,436
0048.jpg,600,600,tomato,42,305,175,440
0048.jpg,600,600,tomato,312,254,497,429
0048.jpg,600,600,tomato,319,89,505,255
0048.jpg,600,600,stems,393,208,409,304
0048.jpg,600,600,stems,312,104,402,143
0048.jpg,600,600,stems,235,192,266,288
0040.jpg,225,300,tomato,88,167,207,272
0040.jpg,225,300,tomato,9,155,111,252
0040.jpg,225,300,tomato,116,63,208,149
0040.jpg,225,300,tomato,30,77,117,155
0040.jpg,225,300,stems,68,143,94,178
0040.jpg,225,300,stems,97,139,145,179
0039.jpg,708,532,tomato,164,326,241,399
0039.jpg,708,532,tomato,134,309,204,372
0039.jpg,708,532,tomato,179,143,276,234
0039.jpg,708,532,tomato,242,185,342,295
0039.jpg,708,532,tomato,326,174,510,337
0039.jpg,708,532,tomato,407,253,649,455
0039.jpg,708,532,stems,416,134,488,194
0039.jpg,708,532,stems,479,198,512,269
0066.jpg,338,450,tomato,71,106,139,171
0066.jpg,338,450,tomato,183,116,272,202
0066.jpg,338,450,tomato,118,180,190,253
0066.jpg,338,450,tomato,214,203,280,269
0066.jpg,338,450,tomato,229,268,270,304
0066.jpg,338,450,tomato,136,251,181,299
0066.jpg,338,450,tomato,210,295,278,360
0066.jpg,338,450,tomato,145,291,203,351
0066.jpg,338,450,tomato,86,284,148,349
0066.jpg,338,450,tomato,117,240,148,291
0066.jpg,338,450,tomato,1,312,43,370
0066.jpg,338,450,tomato,24,260,89,327
0066.jpg,338,450,tomato,55,208,108,265
0066.jpg,338,450,tomato,32,154,95,215
0066.jpg,338,450,tomato,26,357,56,390
0066.jpg,338,450,tomato,64,376,95,410
0066.jpg,338,450,stems,179,87,229,137
0066.jpg,338,450,stems,194,163,242,211
0066.jpg,338,450,stems,145,135,176,192
0066.jpg,338,450,stems,205,216,247,267
0066.jpg,338,450,stems,214,261,241,303
0066.jpg,338,450,stems,180,248,202,298
0066.jpg,338,450,stems,166,202,193,258
0066.jpg,338,450,stems,96,42,149,108
0066.jpg,338,450,stems,46,182,72,236
0066.jpg,338,450,stems,34,124,70,172
0066.jpg,338,450,stems,87,221,136,257
0066.jpg,338,450,stems,32,249,71,293
0066.jpg,338,450,stems,76,271,114,315
0066.jpg,338,450,stems,8,300,48,318
0031.jpg,600,449,tomato,95,91,330,287
0031.jpg,600,449,tomato,234,216,401,367
0031.jpg,600,449,tomato,280,93,421,235
0031.jpg,600,449,stems,270,92,334,145
0063.jpg,550,550,tomato,20,150,322,422
0063.jpg,550,550,tomato,271,315,502,536
0063.jpg,550,550,tomato,249,113,478,319
0063.jpg,550,550,stems,196,112,291,222
0063.jpg,550,550,stems,372,195,435,339
0063.jpg,550,550,stems,385,160,412,217
0042.jpg,2000,1100,tomato,417,543,760,993
0042.jpg,2000,1100,tomato,194,661,455,991
0042.jpg,2000,1100,tomato,198,402,464,681
0042.jpg,2000,1100,tomato,369,177,696,556
0042.jpg,2000,1100,tomato,648,256,1014,706
0042.jpg,2000,1100,tomato,773,609,1087,993
0042.jpg,2000,1100,tomato,969,52,1317,436
0042.jpg,2000,1100,tomato,1185,293,1496,625
0042.jpg,2000,1100,tomato,1133,1006,1390,1100
0042.jpg,2000,1100,tomato,1385,829,1670,1100
0042.jpg,2000,1100,tomato,1601,741,1955,1002
0042.jpg,2000,1100,tomato,1017,825,1303,1100
0042.jpg,2000,1100,tomato,1242,597,1558,954
0042.jpg,2000,1100,stems,611,53,833,300
0042.jpg,2000,1100,stems,332,119,491,217
0042.jpg,2000,1100,stems,293,285,408,412
0042.jpg,2000,1100,stems,445,300,562,561
0042.jpg,2000,1100,stems,335,358,420,649
0042.jpg,2000,1100,stems,954,390,1145,639
0042.jpg,2000,1100,stems,1116,617,1250,853
0042.jpg,2000,1100,stems,1149,283,1410,378
0042.jpg,2000,1100,stems,1237,490,1479,636
0042.jpg,2000,1100,stems,1340,698,1520,847
0042.jpg,2000,1100,stems,1344,747,1618,839
0042.jpg,2000,1100,stems,1238,754,1344,1003
0095.jpg,800,800,tomato,96,315,332,542
0095.jpg,800,800,tomato,180,443,406,628
0095.jpg,800,800,tomato,401,445,636,650
0095.jpg,800,800,tomato,568,477,794,704
0095.jpg,800,800,tomato,314,274,507,473
0095.jpg,800,800,tomato,10,286,184,517
0095.jpg,800,800,tomato,119,93,326,307
0095.jpg,800,800,tomato,277,101,463,294
0095.jpg,800,800,stems,360,194,406,313
0095.jpg,800,800,stems,274,108,372,159
0095.jpg,800,800,stems,491,316,526,449
0095.jpg,800,800,stems,526,365,635,517
0095.jpg,800,800,stems,244,255,324,323
0022.jpg,195,258,tomato,78,87,158,161
0022.jpg,195,258,tomato,57,158,120,216
0022.jpg,195,258,tomato,110,160,144,210
0022.jpg,195,258,tomato,43,195,105,255
0022.jpg,195,258,tomato,18,113,80,173
0022.jpg,195,258,tomato,21,60,81,113
0022.jpg,195,258,stems,46,49,70,76
0022.jpg,195,258,stems,56,89,76,123
0022.jpg,195,258,stems,85,12,110,36
0022.jpg,195,258,stems,80,73,105,96
0080.jpg,266,190,tomato,51,35,125,110
0080.jpg,266,190,tomato,78,75,159,145
0080.jpg,266,190,tomato,139,106,220,180
0080.jpg,266,190,tomato,159,31,241,113
0080.jpg,266,190,stems,164,37,189,68
0080.jpg,266,190,stems,125,52,154,80
0080.jpg,266,190,stems,154,69,174,113
0088.jpg,360,240,tomato,138,130,174,161
0088.jpg,360,240,tomato,146,156,195,193
0088.jpg,360,240,tomato,170,111,227,159
0088.jpg,360,240,tomato,144,108,173,139
0088.jpg,360,240,tomato,191,76,223,111
0088.jpg,360,240,tomato,145,80,180,117
0050.jpg,720,720,tomato,133,115,339,335
0050.jpg,720,720,tomato,345,34,553,257
0050.jpg,720,720,tomato,314,243,522,445
0050.jpg,720,720,tomato,370,391,565,596
0050.jpg,720,720,tomato,195,471,398,667
0050.jpg,720,720,tomato,324,578,451,667
0050.jpg,720,720,tomato,137,328,342,523
0050.jpg,720,720,stems,355,117,448,155
0050.jpg,720,720,stems,280,176,348,231
0050.jpg,720,720,stems,360,246,415,331
0050.jpg,720,720,stems,271,320,336,403
0050.jpg,720,720,stems,359,387,413,452
0050.jpg,720,720,stems,329,428,353,487
0083.jpg,275,183,tomato,107,44,186,124
0083.jpg,275,183,tomato,63,41,116,112
0083.jpg,275,183,stems,108,39,129,64
0083.jpg,275,183,stems,84,43,100,62
0086.jpg,301,167,tomato,205,55,280,114
0086.jpg,301,167,tomato,153,77,220,136
0086.jpg,301,167,tomato,127,24,165,55
0086.jpg,301,167,stems,226,12,246,59
0086.jpg,301,167,stems,181,65,192,85
0043.jpg,450,338,tomato,81,204,190,311
0043.jpg,450,338,tomato,157,189,227,258
0043.jpg,450,338,tomato,219,91,293,157
0043.jpg,450,338,tomato,162,40,236,109
0043.jpg,450,338,tomato,188,114,281,191
0043.jpg,450,338,stems,126,190,160,233
0043.jpg,450,338,stems,252,64,265,98
0043.jpg,450,338,stems,165,190,195,220
0043.jpg,450,338,stems,199,39,226,57
0058.jpg,640,480,tomato,289,150,544,374
0058.jpg,640,480,tomato,181,142,301,258
0058.jpg,640,480,tomato,160,250,325,411
0058.jpg,640,480,stems,268,186,327,278
0058.jpg,640,480,stems,232,143,320,186
0071.jpg,480,640,tomato,39,405,133,503
0071.jpg,480,640,tomato,129,288,245,415
0071.jpg,480,640,tomato,216,206,332,351
0071.jpg,480,640,tomato,288,313,389,429
0071.jpg,480,640,tomato,327,240,407,351
0071.jpg,480,640,tomato,371,217,480,314
0071.jpg,480,640,stems,267,177,311,222
0071.jpg,480,640,stems,346,272,366,342
0024.jpg,259,194,tomato,66,164,95,192
0024.jpg,259,194,tomato,51,134,85,165
0024.jpg,259,194,tomato,73,104,110,141
0024.jpg,259,194,tomato,83,140,103,157
0024.jpg,259,194,tomato,103,132,120,149
0024.jpg,259,194,tomato,117,133,146,160
0024.jpg,259,194,tomato,109,96,146,131
0024.jpg,259,194,tomato,82,68,123,104
0024.jpg,259,194,tomato,68,66,86,97
0024.jpg,259,194,tomato,123,88,138,96
0024.jpg,259,194,tomato,137,112,161,139
0024.jpg,259,194,tomato,139,80,170,112
0024.jpg,259,194,tomato,161,76,193,108
0024.jpg,259,194,tomato,163,109,194,141
0024.jpg,259,194,tomato,171,138,203,168
0024.jpg,259,194,tomato,196,119,235,155
0024.jpg,259,194,tomato,194,83,231,119
0024.jpg,259,194,tomato,150,24,189,64
0024.jpg,259,194,stems,195,80,217,96
0024.jpg,259,194,stems,173,94,192,113
0024.jpg,259,194,stems,198,105,217,124
0024.jpg,259,194,stems,167,63,191,81
0024.jpg,259,194,stems,145,53,161,64
0024.jpg,259,194,stems,138,72,151,89
0060.jpg,640,426,tomato,322,212,419,297
0060.jpg,640,426,tomato,404,260,489,339
0060.jpg,640,426,tomato,453,174,548,271
0060.jpg,640,426,tomato,450,227,535,309
0060.jpg,640,426,tomato,337,130,441,217
0060.jpg,640,426,tomato,363,41,470,140
0060.jpg,640,426,tomato,448,92,550,180
0060.jpg,640,426,stems,403,69,448,93
0060.jpg,640,426,stems,456,99,495,134
0060.jpg,640,426,stems,391,119,443,152
0060.jpg,640,426,stems,449,140,490,197
0060.jpg,640,426,stems,378,174,439,216
0028.jpg,225,225,tomato,26,193,64,225
0028.jpg,225,225,tomato,15,172,47,201
0028.jpg,225,225,tomato,46,169,85,205
0028.jpg,225,225,tomato,55,133,94,171
0028.jpg,225,225,tomato,17,137,52,171
0028.jpg,225,225,tomato,23,113,62,153
0028.jpg,225,225,tomato,43,84,84,124
0028.jpg,225,225,tomato,73,113,108,150
0028.jpg,225,225,tomato,100,97,142,138
0028.jpg,225,225,tomato,73,53,117,96
0028.jpg,225,225,tomato,84,92,115,113
0028.jpg,225,225,tomato,132,143,173,181
0028.jpg,225,225,tomato,134,182,171,209
0028.jpg,225,225,tomato,167,162,204,198
0028.jpg,225,225,tomato,167,124,206,163
0028.jpg,225,225,tomato,127,121,163,156
0028.jpg,225,225,tomato,160,91,197,123
0028.jpg,225,225,tomato,146,59,184,94
0028.jpg,225,225,tomato,116,65,146,98
0028.jpg,225,225,tomato,127,34,162,64
0028.jpg,225,225,tomato,114,6,149,37
0028.jpg,225,225,stems,152,119,159,143
0028.jpg,225,225,stems,159,114,178,130
0028.jpg,225,225,stems,151,93,172,107
0028.jpg,225,225,stems,137,62,158,74
0028.jpg,225,225,stems,124,36,140,43
0028.jpg,225,225,stems,88,25,111,53
0028.jpg,225,225,stems,117,52,126,72
0028.jpg,225,225,stems,120,72,137,97
0028.jpg,225,225,stems,138,109,151,127
0028.jpg,225,225,stems,31,159,54,176
0077.jpg,194,259,tomato,82,28,136,79
0077.jpg,194,259,tomato,112,82,174,147
0077.jpg,194,259,tomato,98,137,151,189
0077.jpg,194,259,tomato,52,199,97,243
0077.jpg,194,259,tomato,36,139,80,184
0077.jpg,194,259,tomato,51,82,100,133
0077.jpg,194,259,stems,58,143,84,156
0077.jpg,194,259,stems,101,129,121,153
0077.jpg,194,259,stems,129,52,143,93
0077.jpg,194,259,stems,75,85,103,98
0077.jpg,194,259,stems,103,22,129,37
